Symbol,Name,Last Sale,Net Change,% Change,Market Cap,Country,IPO Year,Volume,Sector,Industry
AAMC,Altisource Asset Management Corp Com,$17.30,-0.4201,-2.371%,35435919.00,United States,,37543,Finance,Investment Managers
AAU,Almaden Minerals Ltd. Common Shares,$0.5531,-0.0211,-3.675%,75897161.00,Canada,2015,1346172,,
ACU,Acme United Corporation. Common Stock,$44.89,-0.51,-1.123%,150031807.00,United States,1988,18435,Consumer Durables,Home Furnishings
ACY,AeroCentury Corp. Common Stock,$9.09,-0.85,-8.551%,14052086.00,United States,,140451,Technology,Diversified Commercial Services
ADRA,Adara Acquisition Corp. Class A Common Stock,$9.78,-0.01,-0.102%,140587500.00,United States,2021,9657,,
AE,Adams Resources & Energy Inc. Common Stock,$26.80,-1.88,-6.555%,113927202.00,United States,,26639,Energy,Oilfield Services/Equipment
AEF,Aberdeen Emerging Markets Equity Income Fund Inc. Common Stock,$8.54,-0.06,-0.698%,433420184.00,United States,,38263,,
AGE,AgeX Therapeutics Inc. Common Stock,$1.33,-0.04,-2.92%,50453667.00,,2018,258780,Health Care,Major Pharmaceuticals
AIM,AIM ImmunoTech Inc. Common Stock,$2.12,-0.01,-0.469%,84142825.00,United States,,692365,Health Care,Biotechnology: Biological Products (No Diagnostic Substances)
AINC,Ashford Inc. (Holding Company) Common Stock,$9.05,-0.45,-4.737%,27237007.00,United States,2014,41788,Finance,Investment Managers
AIRI,Air Industries Group Common Stock,$1.31,0.01,0.769%,41920203.00,United States,,203937,Capital Goods,Military/Government/Technical
AMBO,Ambow Education Holding Ltd. American Depository Shares each representing two Class A ordinary shares,$2.40,0.05,2.128%,55736808.00,China,,456371,Miscellaneous,Service to the Health Industry
AMPE,Ampio Pharmaceuticals Inc.,$1.93,0.05,2.66%,377564217.00,United States,,1486462,Health Care,Major Pharmaceuticals
AMS,American Shared Hospital Services Common Stock,$2.72,-1.02,-27.273%,15778720.00,United States,,6772037,Health Care,Medical Specialities
ANVS,Annovis Bio Inc. Common Stock,$21.55,-0.10,-0.462%,149713647.00,United States,2020,60303,Consumer Durables,Specialty Chemicals
APT,Alpha Pro Tech Ltd. Common Stock,$8.68,-0.19,-2.142%,118019851.00,Canada,,371576,,
ARMP,Armata Pharmaceuticals Inc. Common Stock,$4.13,0.03,0.732%,103004025.00,United States,,5529,Health Care,Biotechnology: Biological Products (No Diagnostic Substances)
ASM,Avino Silver & Gold Mines Ltd. Common Shares (Canada),$1.27,-0.03,-2.308%,126739960.00,Canada,,1939486,,
ASXC,Asensus Surgical Inc. Common Stock,$1.85,-0.11,-5.612%,430725937.00,United States,,7040299,Health Care,Medical/Dental Instruments
ATNM,Actinium Pharmaceuticals Inc. (Delaware) Common Stock,$7.28,-0.42,-5.455%,140108245.00,United States,,161526,Health Care,Major Pharmaceuticals
AUMN,Golden Minerals Company Common Stock,$0.78,0.0099,1.286%,126726297.00,United States,,1427779,,
AWX,Avalon Holdings Corporation Common Stock,$3.44,-0.28,-7.527%,13414043.00,United States,,140954,Public Utilities,Environmental Services
AXU,Alexco Resource Corp Common Shares (Canada),$2.86,-0.08,-2.721%,405923158.00,Canada,,801156,,
BATL,Battalion Oil Corporation Common Stock,$13.00,-0.4728,-3.509%,211473041.00,,,17612,Energy,Oil & Gas Production
BCV,Bancroft Fund Ltd.,$30.89,-0.19,-0.611%,170444410.00,United States,,19621,,
BCV^A,Bancroft Fund Limited 5.375% Series A Cumulative Preferred Shares,$25.68,0.0699,0.273%,,United States,,805,,
BDL,Flanigan's Enterprises Inc. Common Stock,$24.53,0.00,0.00%,45592611.00,United States,,45,Consumer Services,Restaurants
BDR,Blonder Tongue Laboratories Inc. Common Stock,$1.0991,0.0291,2.72%,13145791.00,United States,,355964,Capital Goods,Industrial Machinery/Components
BGI,Birks Group Inc. Common Stock,$1.86,-0.25,-11.848%,33425839.00,Canada,,538136,,
BHB,Bar Harbor Bankshares Inc. Common Stock,$29.05,-0.47,-1.592%,434155068.00,United States,,18070,Finance,Major Banks
BKTI,BK Technologies Corporation Common Stock,$4.78,0.0199,0.418%,59924331.00,United States,,22569,Technology,Radio And Television Broadcasting And Communications Equipment
BMTX,BM Technologies Inc. Common Stock,$9.80,-0.12,-1.21%,119562960.00,,2018,20771,Technology,EDP Services
BRBS,Blue Ridge Bankshares Inc. Common Stock,$16.00,0.31,1.976%,297884752.00,,,82002,Finance,Commercial Banks
BRG,Bluerock Residential Growth REIT Inc. Class A Common Stock,$9.17,-0.33,-3.474%,210703950.00,,2014,257857,Consumer Services,Real Estate Investment Trusts
BRG^C,Bluerock Residential Growth REIT Inc. 7.625% Series C Cumulative Redeemable Preferred Stock,$25.52,0.00,0.00%,,,,13,,
BRG^D,Bluerock Residential Growth REIT Inc. 7.125% Series D Cumulative Preferred Stock ($0.01 par value per share),$25.33,0.0206,0.081%,,,,4615,,
BRN,Barnwell Industries Inc. Common Stock,$2.68,-0.42,-13.548%,22182789.00,United States,,1718314,Energy,Oil & Gas Production
BTG,B2Gold Corp Common shares (Canada),$4.95,-0.11,-2.174%,5206419039.00,Canada,,7103300,,
BTN,Ballantyne Strong Inc. Common Stock,$5.30,0.36,7.287%,96998183.00,United States,,303187,Miscellaneous,Industrial Machinery/Components
BTX,Brooklyn ImmunoTherapeutics Inc. Common Stock,$55.19,-23.31,-29.694%,2291166822.00,United States,,8114823,,
BWL/A,Bowl America Inc.,$10.41,0.20,1.959%,,United States,,3414,,
CANF,Can-Fite Biopharma Ltd Sponsored ADR (Israel),$2.15,0.01,0.467%,36961817.00,Israel,,241515,,
CCF,Chase Corporation Common Stock,$118.76,-1.16,-0.967%,1122088540.00,United States,,13623,,
CDOR,Condor Hospitality Trust Inc. Common Stock,$3.94,-0.14,-3.431%,47359356.00,United States,,15776,,
CEI,Camber Energy Inc. Common Stock,$0.6889,-0.0279,-3.892%,24383711.00,United States,,4125145,,
CET,Central Securities Corporation Common Stock,$38.90,-0.08,-0.205%,1020751677.00,United States,,17058,,
CEV,Eaton Vance California Municipal Income Trust Shares of Beneficial Interest,$13.58,0.18,1.343%,96873949.00,United States,1999,37039,,
CHAQ,Chardan Healthcare Acquisition 2 Corp. Common Stock,$10.10,-0.02,-0.198%,108860881.00,,2020,52250,,
CHFW,Consonance-HFW Acquisition Corp. Class A Ordinary Shares,$9.88,0.0032,0.032%,118895920.00,,2021,6686,,
CIK,Credit Suisse Asset Management Income Fund Inc. Common Stock,$3.50,0.03,0.865%,183067252.00,United States,,747195,,
CIX,CompX International Inc. Common Stock,$21.10,-0.60,-2.765%,261664413.00,United States,1998,11928,,
CKX,CKX Lands Inc. Common Stock,$11.8504,0.4604,4.042%,23019343.00,United States,,159,,
CLM,Cornerstone Strategic Value Fund Inc. New Common Stock,$11.78,0.03,0.255%,914981284.00,United States,1987,1028511,,
CMCL,Caledonia Mining Corporation Plc Common Shares,$14.21,-0.77,-5.14%,172208475.00,Canada,,92997,,
CMT,Core Molding Technologies Inc Common Stock,$11.72,-0.062,-0.526%,99339271.00,United States,,5108,,
COHN,Cohen & Company Inc.,$33.16,0.17,0.515%,44004547.00,United States,,17035,,
CPHI,China Pharma Holdings Inc. Common Stock,$0.6694,-0.0056,-0.83%,30510955.00,China,,1092524,,
CQP,Cheniere Energy Partners LP Cheniere Energy Partners LP Common Units,$42.61,-0.30,-0.699%,20624140051.00,United States,2007,254706,,
CRF,Cornerstone Total Return Fund Inc. (The) Common Stock,$11.38,0.04,0.353%,467076259.00,United States,,581933,,
CTEK,CynergisTek Inc. Common Stock,$1.70,-0.05,-2.857%,20605187.00,United States,2017,48106,,
CVM,Cel-Sci Corporation Common Stock,$22.50,0.60,2.74%,911908755.00,United States,,714855,,
CVR,Chicago Rivet & Machine Co. Common Stock,$26.18,0.08,0.307%,25293336.00,United States,,458,,
CVU,CPI Aerostructures Inc. Common Stock,$4.31,-0.11,-2.489%,52291532.00,United States,,36032,,
DHY,Credit Suisse High Yield Bond Fund Common Stock,$2.4601,0.0001,0.004%,254638560.00,United States,1998,1539875,,
DIT,AMCON Distributing Company Common Stock,$141.205,-2.295,-1.599%,77856060.00,United States,,121,,
DLA,Delta Apparel Inc. Common Stock,$33.53,-0.59,-1.729%,233860350.00,United States,,22723,,
DMF,BNY Mellon Municipal Income Inc. Common Stock,$9.01,0.03,0.334%,186964690.00,United States,1988,25450,,
DNN,Denison Mines Corp Ordinary Shares (Canada),$1.08,-0.08,-6.897%,862408638.00,Canada,,23924642,,
DPW,Ault Global Holdings Inc. Common Stock,$2.65,-0.55,-17.188%,131171491.00,United States,,4565398,,
DSS,Document Security Systems Inc. Common Stock,$2.93,-0.09,-2.98%,81073466.00,United States,,573309,,
DXF,Dunxin Financial Holdings Limited American Depositary Shares,$1.83,0.01,0.549%,38201010.00,China,,286548,,
DXR,Daxor Corporation Common Stock,$9.80,0.00,0.00%,39531995.00,United States,,282,,
EAD,Wells Fargo Income Opportunities Fund Common Shares,$8.68,-0.02,-0.23%,525888338.00,United States,2003,112593,,
ECF,Ellsworth Growth and Income Fund Ltd.,$14.18,-0.21,-1.459%,191422314.00,United States,1986,15300,,
ECF^A,Ellsworth Growth and Income Fund Ltd. 5.25% Series A Cumulative Preferred Shares (Liquidation Preference $25.00 per share),$25.95,0.035,0.135%,,United States,,617,,
EIM,Eaton Vance Municipal Bond Fund Common Shares of Beneficial Interest $.01 par value,$13.51,0.02,0.148%,972087516.00,United States,2002,106215,,
ELA,Envela Corporation Common Stock,$3.68,-0.19,-4.91%,99081722.00,United States,,122965,,
ELLO,Ellomay Capital Ltd Ordinary Shares (Israel),$30.20,-1.40,-4.43%,387750695.00,Israel,,1213,,
ELMD,Electromed Inc. Common Stock,$9.91,-0.14,-1.393%,85573296.00,United States,2011,21648,,
EMAN,eMagin Corporation Common Stock,$2.57,-0.03,-1.154%,182776300.00,United States,,758652,,
EMX,EMX Royalty Corporation Common Shares (Canada),$3.44,0.14,4.242%,292382449.00,Canada,,231549,,
ENSV,Enservco Corporation Common Stock,$1.40,0.02,1.449%,15775124.00,United States,,2042344,,
ENX,Eaton Vance New York Municipal Bond Fund Common Shares of Beneficial Interest $.01 par value,$12.45,-0.04,-0.32%,225572760.00,United States,2002,70024,,
EPM,Evolution Petroleum Corporation Inc. Common Stock,$3.55,-0.07,-1.934%,118891453.00,United States,,133392,,
EQX,Equinox Gold Corp. Common Shares,$8.05,-0.17,-2.068%,2396610508.00,Canada,,1365271,,
ERC,Wells Fargo Multi-Sector Income Fund Common Stock no par value,$12.83,0.01,0.078%,360934689.00,United States,2003,200082,,
ERH,Wells Fargo Utilities and High Income Fund,$13.85,-0.16,-1.142%,128459650.00,,2004,41054,,
ESP,Espey Mfg. & Electronics Corp. Common Stock,$15.231,0.181,1.203%,41163803.00,United States,,2762,,
EVBN,Evans Bancorp Inc. Common Stock,$35.75,-0.16,-0.446%,194086500.00,United States,,27359,,
EVI,EVI Industries Inc.  Common Stock,$26.33,-0.85,-3.127%,322579072.00,United States,,8072,,
EVM,Eaton Vance California Municipal Bond Fund Common Shares of Beneficial Interest $.01 par value,$11.85,0.01,0.084%,296182917.00,United States,2002,86632,,
EVV,Eaton Vance Limited Duration Income Fund Common Shares of Beneficial Interest,$12.89,0.02,0.155%,1497135062.00,United States,2003,355570,,
EVY,Eaton Vance New York Municipal Income Trust Shares of Beneficial Interest,$14.86,-0.04,-0.268%,80271164.00,United States,1999,9911,,
EXN,Excellon Resources Inc. Common Shares,$2.53,-0.24,-8.664%,81901448.00,,2020,72743,,
FAX,Aberdeen Asia-Pacific Income Fund Inc Common Stock,$4.28,-0.06,-1.382%,1060137887.00,United States,1986,694054,,
FCO,Aberdeen Global Income Fund Inc. Common Stock,$8.50,0.04,0.473%,74258652.00,United States,1992,7901,,
FEN,First Trust Energy Income and Growth Fund,$14.06,0.006,0.043%,273404714.00,United States,2004,45693,,
FRD,Friedman Industries Inc. Common Stock,$10.42,0.27,2.66%,71958947.00,United States,,174380,,
FSI,Flexible Solutions International Inc. Common Stock (CDA),$3.37,-0.04,-1.173%,41493277.00,Canada,,35807,,
FSP,Franklin Street Properties Corp. Common Stock,$5.25,-0.16,-2.957%,563473045.00,United States,,211264,,
FTF,Franklin Limited Duration Income Trust Common Shares of Beneficial Interest,$9.27,0.01,0.108%,279387000.00,United States,2003,110703,,
FTSI,FTS International Inc. Class A Common Stock,$27.02,0.48,1.809%,378008989.00,United States,2020,51966,,
FURY,Fury Gold Mines Limited Common Shares,$1.22,-0.04,-3.175%,143758273.00,,2020,223381,,
GAU,Galiano Gold Inc.,$1.29,-0.10,-7.194%,289686556.00,Canada,,1828120,,
GBR,New Concept Energy Inc Common Stock,$4.30,0.28,6.965%,22067316.00,United States,,2205990,,
GDP,Goodrich Petroleum Corporation Common Stock,$10.66,0.17,1.621%,142868422.00,United States,2017,77361,,
GGN,GAMCO Global Gold Natural Resources & Income Trust,$3.75,0.01,0.267%,577425506.00,United States,2005,644298,,
GGN^B,GAMCO Global Gold Natural Reources & Income Trust 5.00% Series B Cumulative 25.00 Liquidation Preference,$25.40,0.048,0.189%,,United States,,3418,,
GGO,The Gabelli Go Anywhere Trust Common Shares of Beneficial Interest,$15.74,0.00,0.00%,24349024.00,,2016,2,,
GLDG,GoldMining Inc. Common Shares,$1.58,-0.08,-4.819%,236227980.00,,,468159,,
GLO,Clough Global Opportunities Fund Common Stock,$12.97,-0.11,-0.841%,417950624.00,United States,2006,273573,,
GLQ,Clough Global Equity Fund Clough Global Equity Fund Common Shares of Beneficial Interest,$15.86,-0.12,-0.751%,209840948.00,United States,2005,112623,,
GLU,Gabelli Global Utility Common Shares of Beneficial Ownership,$20.73,-0.05,-0.241%,111394272.00,United States,2004,31759,,
GLU^A,The Gabelli Global Utility and Income Trust Series A Cumulative Puttable and Callable Preferred Shares,$45.40,-0.0261,-0.057%,,United States,,141,,
GLU^B,The Gabelli Global Utility and Income Trust Series B Cumulative Puttable and Callable Preferred Shares,$52.00,-0.11,-0.211%,,United States,,2682,,
GLV,Clough Global Dividend and Income Fund Common Shares of beneficial interest,$11.873,-0.0506,-0.424%,99824907.00,United States,2004,67516,,
GOED,1847 Goedeker Inc. Commom Stock,$5.55,-0.66,-10.628%,33917160.00,United States,2020,59065,,
GORO,Gold Resource Corporation Common Stock,$2.72,-0.04,-1.449%,202474638.00,United States,,902526,,
GPL,Great Panther Mining Limited Ordinary Shares (Canada),$0.805,-0.0038,-0.47%,285831682.00,Canada,,2077250,,
GRF,Eagle Capital Growth Fund Inc. Common Stock,$8.7887,0.0087,0.099%,35807985.00,United States,,8463,,
GROY,Gold Royalty Corp. Common Shares,$4.83,0.07,1.471%,197184750.00,,2021,112176,,
GSAT,Globalstar Inc. Common Stock,$1.30,0.10,8.333%,2326610000.00,United States,2006,29293337,,
GSS,Golden Star Resources Ltd Common Stock,$3.58,-0.12,-3.243%,398502670.00,United States,,486791,,
GSV,Gold Standard Ventures Corporation Common Stock (Canada),$0.59,-0.0133,-2.205%,210910961.00,Canada,,1019963,,
GTE,Gran Tierra Energy Inc. Common Stock,$0.67,-0.0004,-0.06%,245877643.00,Canada,,4604580,,
HLM^,Hillman Group Capital Trust Preferred Stock,$26.38,0.08,0.304%,,United States,,9593,,
HMG,HMG/Courtland Properties Inc. Common Stock,$12.205,0.00,0.00%,12293462.00,United States,,56,,
HNW,Pioneer Diversified High Income Fund Inc.,$15.04,0.02,0.133%,125325162.00,United States,2007,39740,,
HUSA,Houston American Energy Corporation Common Stock,$1.68,-0.02,-1.176%,16671208.00,United States,,483761,,
HWM^,Howmet Aerospace Inc. $3.75 Preferred Stock,$75.50,1.84,2.498%,,United States,,355,,
IAF,Aberdeen Australia Equity Fund Inc Common Stock,$6.36,0.015,0.236%,148214019.00,United States,,69284,,
IBIO,iBio Inc. Common Stock,$1.29,-0.06,-4.444%,278652811.00,United States,,9976139,,
ID,PARTS iD Inc. Class A Common Stock,$7.49,0.02,0.268%,246222193.00,United States,2017,37802,,
IGC,India Globalization Capital Inc. Common Stock,$1.55,-0.02,-1.274%,70317801.00,United States,,1095024,,
IHT,InnSuites Hospitality Trust Shares of Beneficial Interest,$2.0601,-0.2499,-10.818%,18671745.00,United States,,96692,,
IMH,Impac Mortgage Holdings Inc. Common Stock ,$2.04,-0.02,-0.971%,43508475.00,United States,1997,29252,,
IMO,Imperial Oil Limited Common Stock,$29.76,-0.75,-2.458%,21846124229.00,Canada,,1095570,,
INDO,Indonesia Energy Corporation Limited Ordinary Shares,$5.43,0.3599,7.098%,40225196.00,,2019,7149,,
INFU,InfuSystems Holdings Inc. Common Stock,$21.84,-1.08,-4.712%,444615444.00,United States,,56265,,
INS,Intelligent Systems Corporation Common Stock,$37.06,-1.07,-2.806%,329179891.00,United States,1992,101555,,
INTT,inTest Corporation Common Stock,$12.19,-0.02,-0.164%,130470253.00,United States,1997,103293,,
INUV,Inuvo Inc.,$0.8214,0.0214,2.675%,97349210.00,United States,,1814086,,
IOR,Income Opportunity Realty Investors Inc. Common Stock,$12.33,0.00,0.00%,51396545.00,United States,,64,,
ISDR,Issuer Direct Corporation Common Stock,$28.66,0.25,0.88%,108076917.00,United States,,44936,,
ISR,IsoRay Inc. Common Stock (DE),$0.8689,-0.0315,-3.498%,122688552.00,United States,,1090868,,
ITP,IT Tech Packaging Inc. Common Stock,$0.5209,-0.0164,-3.052%,51593009.00,China,,2759838,,
ITRG,Integra Resources Corp. Common Shares,$2.97,-0.07,-2.303%,162746823.00,,,49951,,
JOB,GEE Group Inc. Common Stock,$0.605,-0.032,-5.024%,61105276.00,United States,,15776801,,
KIQ,Kelso Technologies Inc Ordinary Shares,$0.7353,-0.0337,-4.382%,39831264.00,Canada,,684172,,
KLR,Kaleyra Inc. Common Stock,$12.93,-0.59,-4.364%,391632723.00,United States,2018,361560,,
LCTX,Lineage Cell Therapeutics Inc. Common Stock,$2.58,-0.08,-3.008%,386951875.00,United States,,805364,,
LEU,Centrus Energy Corp. Class A Common Stock,$24.53,-0.30,-1.208%,328208358.00,United States,2014,63284,,
LGL,LGL Group Inc. (The) Common Stock,$10.75,-0.2763,-2.506%,57275635.00,United States,,5973,,
LNG,Cheniere Energy Inc. Common Stock,$79.55,0.75,0.952%,20166481691.00,United States,,2075727,,
LODE,Comstock Mining Inc. Common Stock,$3.78,-0.08,-2.073%,160481847.00,United States,,690376,,
LOV,Spark Networks Inc. American Depositary Shares (each representing one-tenth of an Ordinary Share),$7.17,-0.04,-0.555%,186827901.00,United States,2017,95844,,
LSF,Laird Superfood Inc. Common Stock,$37.50,0.56,1.516%,333575700.00,,2020,31410,,
LXFR,Luxfer Holdings PLC Ordinary Shares,$22.44,0.16,0.718%,642898483.00,United Kingdom,2012,59974,,
MAG,MAG Silver Corporation Ordinary Shares,$18.65,-0.35,-1.842%,1766962209.00,Canada,,1135272,,
MCF,Contango Oil & Gas Company Common Stock (TX),$4.00,0.15,3.896%,796587920.00,United States,,872810,,
MHH,Mastech Digital Inc Common Stock,$16.00,-0.06,-0.374%,182771392.00,United States,,44109,,
MLSS,Milestone Scientific Inc. Common Stock,$2.77,-0.27,-8.882%,184367184.00,United States,2015,374682,,
MMX,Maverix Metals Inc. Common Shares,$5.68,-0.19,-3.237%,800924372.00,,,89196,,
MSN,Emerson Radio Corporation Common Stock,$1.12,-0.06,-5.085%,23567770.00,United States,,163957,,
MTA,Metalla Royalty & Streaming Ltd. Common Shares,$9.10,-0.52,-5.405%,379769217.00,,,330142,,
MTNB,Matinas Biopharma Holdings Inc. Common Stock,$0.8629,-0.017,-1.932%,176270116.00,United States,2017,1442385,,
MXC,Mexco Energy Corporation Common Stock,$7.58,0.0901,1.203%,15703228.00,United States,,246980,,
MYO,Myomo Inc. Common Stock,$10.21,0.20,1.998%,57001103.00,United States,2017,260219,,
NAK,Northern Dynasty Minerals Ltd. Common Stock,$0.5675,-0.0215,-3.65%,291008437.00,Canada,,6500938,,
NAVB,Navidea Biopharmaceuticals Inc. Common Stock,$1.64,0.03,1.863%,46850369.00,United States,,96490,,
NBA,New Beginnings Acquisition Corp. Common Stock,$10.00,0.01,0.10%,149200000.00,,2020,42772,,
NBH,Neuberger Berman Municipal Fund Inc. Common Stock,$16.88,0.07,0.416%,317649460.00,United States,2002,20032,,
NBO,Neuberger Berman New York Municipal Fund Inc. Common Stock,$12.61,0.05,0.398%,64026228.00,United States,2002,9737,,
NBW,Neuberger Berman California Municipal Fund Inc Common Stock,$14.04,0.18,1.299%,77936658.00,United States,2002,18262,,
NBY,NovaBay Pharmaceuticals Inc. Common Stock,$0.7928,-0.0091,-1.135%,33125233.00,United States,2007,384512,,
NEN,New England Realty Associates Limited Partnership Class A Depositary Receipts Evidencing Units of Limited Partnership,$57.50,0.00,0.00%,210030020.00,United States,,41,,
NES,Nuverra Environmental Solutions Inc. Common Stock,$2.0373,-0.0027,-0.132%,32582716.00,United States,2017,3606,,
NG,Novagold Resources Inc.,$9.13,-0.29,-3.079%,3025053710.00,Canada,,621158,,
NGD,New Gold Inc.,$1.70,-0.03,-1.734%,1150693955.00,Canada,,4852288,,
NHC,National HealthCare Corporation Common Stock,$71.57,-1.23,-1.69%,1100695427.00,United States,,32689,,
NHS,Neuberger Berman High Yield Strategies Fund,$12.92,0.03,0.233%,252464358.00,United States,,31387,,
NML,Neuberger Berman MLP and Energy Income Fund Inc. Common Stock,$4.51,-0.03,-0.661%,255531765.00,,2013,118824,,
NNVC,NanoViricides Inc. Common Stock,$3.95,-0.19,-4.589%,42174150.00,United States,,125297,,
NOG,Northern Oil and Gas Inc. Common Stock,$14.73,-0.12,-0.808%,889125587.00,United States,,909266,,
NRO,Neuberger Berman Real Estate Securities Income Fund Inc. Neuberger Berman Real Estate Securities Income Fund Inc.,$4.745,-0.015,-0.315%,225009803.00,United States,2003,118862,,
NSPR,InspireMD Inc. Common Stock,$5.18,-0.12,-2.264%,40677659.00,Israel,,345619,,
NTIP,Network-1 Technologies Inc. Common Stock,$3.25,-0.03,-0.915%,78380669.00,United States,,18734,,
NXE,Nexgen Energy Ltd. Common Shares,$4.07,-0.22,-5.128%,1910189050.00,,,2677321,,
OGEN,Oragenics Inc. Common Stock,$0.7429,0.0109,1.489%,81456102.00,United States,,4540783,,
ORLA,Orla Mining Ltd. Common Shares,$3.545,-0.135,-3.668%,842600504.00,,2020,187606,,
PCG^A,Pacific Gas & Electric Co. 6% Preferred Stock,$29.67,0.9143,3.18%,,United States,,3309,,
PCG^B,Pacific Gas & Electric Co. 5 1/2% Preferred Stock,$26.3614,-0.2586,-0.971%,,United States,,562,,
PCG^C,Pacific Gas & Electric Co. 5% 1st Preferred Stock,$24.60,0.11,0.449%,,United States,,279,,
PCG^D,Pacific Gas & Electric Co. 5% 1st  Red. Preferred Stock,$24.62,0.0173,0.07%,,United States,,229,,
PCG^E,Pacific Gas & Electric Co. 5% 1st A Preferred Stock,$24.76,0.20,0.814%,,United States,,463,,
PCG^G,Pacific Gas & Electric Co. 4.80% 1st Preferred Stock,$23.99,0.42,1.782%,,United States,,1474,,
PCG^H,Pacific Gas & Electric Co. 4.50% 1st Preferred Stock,$22.08,0.51,2.364%,,United States,,6857,,
PCG^I,Pacific Gas & Electric Co. 4.36% 1st Preferred Stock,$22.43,0.00,0.00%,,United States,,21,,
PED,Pedevco Corp. Common Stock,$1.42,0.09,6.767%,112807076.00,United States,,616231,,
PHGE,BiomX Inc. COmmon Stock,$6.56,-0.29,-4.234%,159053826.00,,2019,13790,,
PLAG,Planet Green Holdings Corp. Common Stock,$1.93,-0.16,-7.656%,38619165.00,China,,223221,,
PLG,Platinum Group Metals Ltd. Ordinary Shares (Canada),$4.89,-0.08,-1.61%,361654199.00,Canada,,850868,,
PLM,Polymet Mining Corporation Ordinary Shares (Canada),$2.92,-0.07,-2.341%,294142632.00,Canada,,141877,,
PLX,Protalix BioTherapeutics Inc. (DE) Common Stock,$2.95,-0.22,-6.94%,133879351.00,Israel,,2624948,,
PLYM^A,Plymouth Industrial REIT Inc. 7.50% Series A Cumulative Redeemable Preferred Stock,$26.605,-0.495,-1.827%,,United States,,1200,,
PRK,Park National Corporation Common Stock,$127.85,0.12,0.094%,2088551335.00,United States,,23831,,
PTK,PTK Acquisition Corp. Common Stock,$9.94,0.00,0.00%,142887500.00,United States,2020,14144,,
PTN,Palatin Technologies Inc. Common Stock,$0.5774,-0.0376,-6.114%,132830692.00,United States,,2039011,,
PW,Power REIT (MD) Common Stock,$44.28,-1.73,-3.76%,146090037.00,United States,,22073,,
PW^A,Power REIT 7.75% Series A Cumulative Perpetual Preferred Stock,$26.50,0.00,0.00%,,United States,,47,,
PZG,Paramount Gold Nevada Corp. Common Stock,$1.0401,-0.0099,-0.943%,37679230.00,United States,2015,55823,,
RCG,RENN Fund Inc Common Stock,$2.66,-0.02,-0.746%,15832203.00,United States,,11852,,
REI,Ring Energy Inc. Common Stock,$2.23,0.09,4.206%,221174939.00,United States,,1656656,,
REPX,Riley Exploration Permian Inc. Common Stock,$34.36,0.30,0.881%,619219496.00,United States,,15332,,
RHE,Regional Health Properties Inc. Common Stock,$9.93,-4.69,-32.079%,16764015.00,,2017,5930482,,
RHE^A,Regional Health Properties Inc. 10.875% Series A Cumulative Redeemable Preferred Stock,$3.69,0.04,1.096%,,,,37286,,
RLGT,Radiant Logistics Inc. Common Stock,$6.92,-0.02,-0.288%,345775370.00,United States,,148632,,
RMED,Ra Medical Systems Inc. Common Stock,$3.72,0.00,0.00%,12112246.00,,2018,1497541,,
RVP,Retractable Technologies Inc. Common Stock,$9.23,-0.16,-1.704%,313659435.00,United States,,399200,,
SACC,Sachem Capital Corp. 6.875% Notes due 2024,$25.40,0.05,0.197%,0.00,United States,2019,2152,,
SACH,Sachem Capital Corp. Common Shares,$5.10,-0.09,-1.734%,113772172.00,United States,2017,179863,,
SCCB,Sachem Capital Corp. 7.125% Notes due 2024,$25.60,0.00,0.00%,0.00,United States,2019,1026,,
SCCC,Sachem Capital Corp. 7.75% Notes due 2025,$25.995,-0.255,-0.971%,0.00,United States,2020,14578,,
SDPI,Superior Drilling Products Inc. Common Stock,$0.8735,0.0635,7.84%,22503406.00,,2014,135133,,
SEB,Seaboard Corporation Common Stock,$3722.81,28.88,0.782%,4321359669.00,United States,1996,688,,
SENS,Senseonics Holdings Inc. Common Stock,$1.95,-0.08,-3.941%,834434219.00,United States,,11389289,,
SIF,SIFCO Industries Inc. Common Stock,$12.93,-0.50,-3.723%,77052831.00,United States,,10207,,
SILV,SilverCrest Metals Inc. Common Shares,$8.91,-0.34,-3.676%,1287120459.00,,2018,690431,,
SIM,Grupo Simec S.A.B. de C.V. American Depositary Shares,$15.15,0.50,3.413%,2513431526.00,Mexico,1993,1126,,
SMTS,Sierra Metals Inc. Common Stock,$3.47,0.04,1.166%,564952619.00,,,529142,,
SNMP,Evolve Transition Infrastructure LP Common Stock,$0.79,0.02,2.597%,44386449.00,United States,,391792,,
SSY,SunLink Health Systems Inc. Common Stock,$2.85,-0.39,-12.037%,19663065.00,United States,,2595980,,
STXS,Stereotaxis Inc. Common Stock,$6.80,-0.35,-4.895%,503747257.00,United States,,291348,,
SVM,Silvercorp Metals Inc. Common Shares,$5.67,-0.23,-3.898%,994281062.00,,,1605859,,
SVT,Servotronics Inc. Common Stock,$7.85,-0.04,-0.507%,19456280.00,United States,,8754,,
SYN,Synthetic Biologics Inc. Common Stock,$0.5166,-0.0146,-2.748%,66979553.00,United States,,3516089,,
TGB,Taseko Mines Ltd. Common Stock,$2.07,0.02,0.976%,586052240.00,Canada,,3241269,,
THM,International Tower Hill Mines Ltd. Ordinary Shares (Canada),$1.00,-0.05,-4.762%,194908184.00,Canada,,270740,,
TKAT,Takung Art Co. Ltd. Common Stock,$30.60,1.55,5.336%,344904197.00,,,1414343,,
TMBR,Timber Pharmaceuticals Inc. Common Stock,$1.40,-0.09,-6.04%,51323559.00,United States,2015,1154805,,
TMP,Tompkins Financial Corporation Common Stock,$80.46,0.18,0.224%,1199395013.00,United States,,24713,,
TMQ,Trilogy Metals Inc. Common Stock,$2.22,-0.05,-2.203%,320329958.00,Canada,,193391,,
TPHS,Trinity Place Holdings Inc. Common Stock,$1.80,-0.1501,-7.697%,58396743.00,,,37634,,
TRT,Trio-Tech International Common Stock,$5.28,0.60,12.821%,19591730.00,United States,,205511,,
TRX,Tanzanian Gold Corporation Common Stock,$0.5416,-0.0184,-3.286%,138037893.00,Canada,,1233699,,
UAMY,United States Antimony Corporation Common Stock,$0.90,-0.0643,-6.668%,92520090.00,United States,,2795820,,
UAVS,AgEagle Aerial Systems Inc. Common Stock,$5.76,0.20,3.597%,390556593.00,United States,,2556373,,
UEC,Uranium Energy Corp. Common Stock,$3.15,-0.17,-5.12%,726149790.00,Canada,,7517015,,
UFAB,Unique Fabricating Inc. Common Stock,$4.51,-0.34,-7.01%,44103953.00,United States,2015,9196,,
URG,Ur Energy Inc Common Shares (Canada),$1.20,-0.04,-3.226%,227266920.00,Canada,,2245874,,
USAS,Americas Gold and Silver Corporation Common Shares no par value,$2.34,-0.05,-2.092%,311316995.00,,2017,875515,,
UTG,Reaves Utility Income Fund Common Shares of Beneficial Interest,$34.89,0.04,0.115%,1943266237.00,United States,2004,154541,,
UUU,Universal Security Instruments Inc. Common Stock,$5.65,-0.04,-0.703%,13067812.00,United States,,591077,,
UUUU,Energy Fuels Inc Ordinary Shares (Canada),$5.88,-0.24,-3.922%,834384636.00,,,4063715,,
VCF,Delaware Investments Colorado Municipal Income Fund Inc  Common Stock,$14.43,0.03,0.208%,69799353.00,United States,1993,2219,,
VFL,Delaware Investments National Municipal Income Fund Common Stock,$13.57,0.0625,0.463%,61450972.00,United States,1993,4408,,
VGZ,Vista Gold Corp Common Stock,$1.06,-0.03,-2.752%,110397858.00,United States,,228612,,
VHAQ,Viveon Health Acquisition Corp. Common Stock,$9.92,0.00,0.00%,249550000.00,,2021,562,,
VKI,Invesco Advantage Municipal Income Trust II Common Shares of Beneficial Interest (DE),$12.20,0.00,0.00%,541576922.00,United States,,105489,,
VMM,Delaware Investments Minnesota Municipal Income Fund II Inc. Common Stock,$13.52,0.09,0.67%,155547262.00,United States,1993,6640,,
VNRX,VolitionRX Limited Common Stock,$3.16,-0.15,-4.532%,167072066.00,Singapore,2015,186107,,
VOLT,Volt Information Sciences Inc. Common Stock,$3.89,-0.12,-2.993%,84555277.00,United States,,124129,,
WLMS,Williams Industrial Services Group Inc. Common Stock,$5.13,0.29,5.992%,131244458.00,,2021,155659,,
WRN,Western Copper and Gold Corporation Common Stock,$1.52,-0.08,-5.00%,206412405.00,Canada,2011,1441962,,
WTT,Wireless Telecom Group  Inc. Common Stock,$1.85,-0.06,-3.141%,40101523.00,United States,,55322,,
WWR,Westwater Resources Inc. Common Stock,$4.27,0.02,0.471%,138076065.00,United States,,1228875,,
WYY,WidePoint Corporation Common Stock,$8.26,-0.81,-8.931%,74929359.00,United States,,181243,,
XPL,Solitario Zinc Corp. Common Stock,$0.6687,-0.0225,-3.255%,39038115.00,United States,,836175,,
XTNT,Xtant Medical Holdings Inc. Common Stock,$1.73,-0.07,-3.889%,150003605.00,United States,,80521,,
XXII,22nd Century Group Inc. Common Stock,$4.33,0.02,0.464%,659881179.00,United States,,4065367,,
YCBD,cbdMD Inc. Common Stock,$3.78,0.09,2.439%,210302693.00,United States,2017,210086,,
YCBD^A,cbdMD Inc. 8.0% Series A Cumulative Convertible Preferred Stock,$9.1055,-0.1345,-1.456%,,United States,,9425,,
ZDGE,Zedge Inc. Class B Common Stock ,$13.32,-0.19,-1.406%,180242257.00,,2016,633830,,
ZOM,Zomedica Corp. Common Shares,$0.90,-0.0602,-6.27%,874815577.00,United States,2017,39195646,,
